menu,weather,corr,month
total,avgTa,0.21764349317363715,1
hot_milmyeon,avgTa,0.062187456936886605,1
milmyeon_with_mandu,avgTa,0.11506819481256188,1
milmyeon_only,avgTa,0.16567880142518815,1
delivery,avgTa,-0.26655786626398964,1
side_menu,avgTa,0.059904641573360735,1
drinks_alcohol,avgTa,0.20286261582538243,1
product_sales,avgTa,0.10397635225476588,1
kalguksu,avgTa,0.0066023124979008516,1
takeaway,avgTa,0.03648801289105741,1
total,avgWs,-0.14220383754483687,1
hot_milmyeon,avgWs,0.025751685469158785,1
milmyeon_with_mandu,avgWs,-0.17578473302456318,1
milmyeon_only,avgWs,-0.09577388548083611,1
delivery,avgWs,0.12976091185847466,1
side_menu,avgWs,-0.01274409575499026,1
drinks_alcohol,avgWs,0.04614939605856562,1
product_sales,avgWs,0.06622622848396123,1
kalguksu,avgWs,0.019400289870018714,1
takeaway,avgWs,0.02139437484079802,1
total,maxTa,0.227664811631286,1
hot_milmyeon,maxTa,0.0480644964610441,1
milmyeon_with_mandu,maxTa,0.1728539764891114,1
milmyeon_only,maxTa,0.16439550321689395,1
delivery,maxTa,-0.25693685074159794,1
side_menu,maxTa,0.048796805584334704,1
drinks_alcohol,maxTa,0.17396903158067067,1
product_sales,maxTa,0.08626575157755072,1
kalguksu,maxTa,-0.0348258601816064,1
takeaway,maxTa,0.006775471873407546,1
total,minTa,0.1795061451451483,1
hot_milmyeon,minTa,0.06473086411083735,1
milmyeon_with_mandu,minTa,0.10905390632903902,1
milmyeon_only,minTa,0.14007690601089104,1
delivery,minTa,-0.23979529128289992,1
side_menu,minTa,0.0311152452212831,1
drinks_alcohol,minTa,0.18756005778301862,1
product_sales,minTa,0.1542899517825921,1
kalguksu,minTa,-0.00582354671686835,1
takeaway,minTa,-0.004528675585737523,1
total,avgRhm,0.07456343960682188,1
hot_milmyeon,avgRhm,0.07424600136040262,1
milmyeon_with_mandu,avgRhm,-0.14779557702528398,1
milmyeon_only,avgRhm,0.12468814716789835,1
delivery,avgRhm,-0.11115916818701439,1
side_menu,avgRhm,0.02610300274031945,1
drinks_alcohol,avgRhm,0.21294876855083672,1
product_sales,avgRhm,0.08057999583254491,1
kalguksu,avgRhm,0.13323096652608826,1
takeaway,avgRhm,0.11244961410226055,1
total,avgTs,0.323257335725624,1
hot_milmyeon,avgTs,0.3615386182428649,1
milmyeon_with_mandu,avgTs,-0.08391228804409206,1
milmyeon_only,avgTs,0.3618367222947809,1
delivery,avgTs,-0.15788613945507846,1
side_menu,avgTs,0.25902936733471166,1
drinks_alcohol,avgTs,0.2874954535278065,1
product_sales,avgTs,0.13134305082898662,1
kalguksu,avgTs,-0.08249483037550781,1
takeaway,avgTs,0.06486485864218682,1
total,sumGsr,0.048862998525091496,1
hot_milmyeon,sumGsr,0.04809654099123387,1
milmyeon_with_mandu,sumGsr,0.12181096905754574,1
milmyeon_only,sumGsr,0.012592430592913453,1
delivery,sumGsr,0.026572380575480666,1
side_menu,sumGsr,0.05273576219339691,1
drinks_alcohol,sumGsr,-0.10248767960805598,1
product_sales,sumGsr,-0.14139816115567014,1
kalguksu,sumGsr,-0.17075012548348256,1
takeaway,sumGsr,-0.0617371182461892,1
total,sumSsHr,0.03478489628201903,1
hot_milmyeon,sumSsHr,0.05202182489022681,1
milmyeon_with_mandu,sumSsHr,0.08804070968701765,1
milmyeon_only,sumSsHr,0.03762597940982442,1
delivery,sumSsHr,0.003025097590228872,1
side_menu,sumSsHr,0.08155492560871787,1
drinks_alcohol,sumSsHr,-0.04460814851944251,1
product_sales,sumSsHr,-0.18548265316789647,1
kalguksu,sumSsHr,-0.1518741584897577,1
takeaway,sumSsHr,-0.0812034855757367,1
total,avgTca,-0.05317417648310742,1
hot_milmyeon,avgTca,-0.132893045566294,1
milmyeon_with_mandu,avgTca,-0.02972454062789748,1
milmyeon_only,avgTca,-0.08208219760307109,1
delivery,avgTca,0.0271203078924544,1
side_menu,avgTca,-0.12824591744406394,1
drinks_alcohol,avgTca,0.0006770752209457382,1
product_sales,avgTca,0.19203260714312947,1
kalguksu,avgTca,0.17360215371095575,1
takeaway,avgTca,0.07455720812517684,1
total,sumRn,-0.11855060683393195,1
hot_milmyeon,sumRn,-0.06587995679070224,1
milmyeon_with_mandu,sumRn,-0.14730956848727375,1
milmyeon_only,sumRn,-0.05109381779886899,1
delivery,sumRn,-0.024330608458350125,1
side_menu,sumRn,-0.06666014800942711,1
drinks_alcohol,sumRn,0.04852765752359929,1
product_sales,sumRn,-0.06961546675633183,1
kalguksu,sumRn,0.07341090859640681,1
takeaway,sumRn,0.07782952015244142,1
total,avgPa,0.0952863704769428,1
hot_milmyeon,avgPa,0.0871170992070974,1
milmyeon_with_mandu,avgPa,0.038289535944243405,1
milmyeon_only,avgPa,0.04036428726520006,1
delivery,avgPa,0.03570687586316195,1
side_menu,avgPa,0.08147048829825852,1
drinks_alcohol,avgPa,-0.01120973644503861,1
product_sales,avgPa,0.02320240049765551,1
kalguksu,avgPa,-0.03625869068727533,1
takeaway,avgPa,0.013759783561605328,1
total,diurnal_range,0.030831135216869247,1
hot_milmyeon,diurnal_range,-0.04355885019344105,1
milmyeon_with_mandu,diurnal_range,0.07422665803218315,1
milmyeon_only,diurnal_range,0.0027525477619669073,1
delivery,diurnal_range,0.03463196388635011,1
side_menu,diurnal_range,0.020339910372858882,1
drinks_alcohol,diurnal_range,-0.07046384493867049,1
product_sales,diurnal_range,-0.14929008512726266,1
kalguksu,diurnal_range,-0.04508515291420227,1
takeaway,diurnal_range,0.019335351428786535,1
total,rain_bool,-0.031202945331876824,1
hot_milmyeon,rain_bool,-0.014109833516399916,1
milmyeon_with_mandu,rain_bool,-0.15536865486192838,1
milmyeon_only,rain_bool,0.011526851180611893,1
delivery,rain_bool,-0.04977172590383938,1
side_menu,rain_bool,-0.11073870717446696,1
drinks_alcohol,rain_bool,0.13806922259003035,1
product_sales,rain_bool,-0.0911122586483331,1
kalguksu,rain_bool,0.19046113572962015,1
takeaway,rain_bool,0.12285014829799461,1
total,feel_temp,0.06890731000394568,1
hot_milmyeon,feel_temp,-0.003255082423796323,1
milmyeon_with_mandu,feel_temp,-0.014371834433535244,1
milmyeon_only,feel_temp,0.04608795912364347,1
delivery,feel_temp,-0.07103137802026044,1
side_menu,feel_temp,-0.04294745741698191,1
drinks_alcohol,feel_temp,0.17609294281117682,1
product_sales,feel_temp,0.043204441307282564,1
kalguksu,feel_temp,0.03217088536462144,1
takeaway,feel_temp,0.11246765096487091,1
total,avgTa,0.3623122740759305,2
hot_milmyeon,avgTa,0.21092514667804424,2
milmyeon_with_mandu,avgTa,0.27171020553733355,2
milmyeon_only,avgTa,0.2043435518368203,2
delivery,avgTa,-0.036179365236122245,2
side_menu,avgTa,0.14780138896767464,2
drinks_alcohol,avgTa,0.00820030711581975,2
product_sales,avgTa,-0.03938369876379138,2
kalguksu,avgTa,0.006693629056781167,2
takeaway,avgTa,0.09429757065629289,2
total,avgWs,-0.08558699803228981,2
hot_milmyeon,avgWs,-0.07692392913680035,2
milmyeon_with_mandu,avgWs,-0.08342962834407694,2
milmyeon_only,avgWs,-0.022260739292425183,2
delivery,avgWs,0.1521186556965715,2
side_menu,avgWs,-0.04055744173387341,2
drinks_alcohol,avgWs,0.003163605551781301,2
product_sales,avgWs,-0.016643793773821268,2
kalguksu,avgWs,0.06827772709466845,2
takeaway,avgWs,-0.0041454516354204295,2
total,maxTa,0.4448971626083317,2
hot_milmyeon,maxTa,0.21279705293263482,2
milmyeon_with_mandu,maxTa,0.35088233392561025,2
milmyeon_only,maxTa,0.2640846895116678,2
delivery,maxTa,-0.03805417675504278,2
side_menu,maxTa,0.18295057753814584,2
drinks_alcohol,maxTa,0.05409145629428556,2
product_sales,maxTa,-0.08794892219717368,2
kalguksu,maxTa,0.021553890340666414,2
takeaway,maxTa,0.11127518576224073,2
total,minTa,0.25205816403988873,2
hot_milmyeon,minTa,0.17243774519565308,2
milmyeon_with_mandu,minTa,0.18557309996044244,2
milmyeon_only,minTa,0.14082098521383718,2
delivery,minTa,-0.02431065785908206,2
side_menu,minTa,0.1151404315145938,2
drinks_alcohol,minTa,-0.03887493973206789,2
product_sales,minTa,-0.059121307336183676,2
kalguksu,minTa,-0.03820460314696838,2
takeaway,minTa,0.048805634976586,2
total,avgRhm,0.08659475837495494,2
hot_milmyeon,avgRhm,0.23211529658151675,2
milmyeon_with_mandu,avgRhm,-0.04513749458487335,2
milmyeon_only,avgRhm,0.1375622459972811,2
delivery,avgRhm,-0.09784507293419825,2
side_menu,avgRhm,0.18918188211788114,2
drinks_alcohol,avgRhm,0.15056225993886244,2
product_sales,avgRhm,-0.02909894814396057,2
kalguksu,avgRhm,-0.22453911481154362,2
takeaway,avgRhm,-0.15855869345677975,2
total,avgTs,0.500074519823772,2
hot_milmyeon,avgTs,0.41941798562883753,2
milmyeon_with_mandu,avgTs,0.2447574460599601,2
milmyeon_only,avgTs,0.3832473059264438,2
delivery,avgTs,-0.051633462998014766,2
side_menu,avgTs,0.3517559040523114,2
drinks_alcohol,avgTs,0.14007766050042172,2
product_sales,avgTs,-0.12550951995393778,2
kalguksu,avgTs,-0.07186613820186039,2
takeaway,avgTs,0.02372042463707996,2
total,sumGsr,0.1912285121251769,2
hot_milmyeon,sumGsr,-0.0751005642574973,2
milmyeon_with_mandu,sumGsr,0.21993043194273112,2
milmyeon_only,sumGsr,0.1292454906110699,2
delivery,sumGsr,-0.0010094173553992609,2
side_menu,sumGsr,0.013365827530010232,2
drinks_alcohol,sumGsr,0.020218947790923855,2
product_sales,sumGsr,-0.08665042470209912,2
kalguksu,sumGsr,0.11704162447225419,2
takeaway,sumGsr,0.09445705668907102,2
total,sumSsHr,0.12114465400041265,2
hot_milmyeon,sumSsHr,-0.09723887959140863,2
milmyeon_with_mandu,sumSsHr,0.12321890728426772,2
milmyeon_only,sumSsHr,0.07389512421271596,2
delivery,sumSsHr,-0.010054098887622766,2
side_menu,sumSsHr,-0.04807133307016451,2
drinks_alcohol,sumSsHr,-0.03257069912253993,2
product_sales,sumSsHr,-0.03984743803244356,2
kalguksu,sumSsHr,0.19145801030056697,2
takeaway,sumSsHr,0.18631659173771933,2
total,avgTca,-0.10686744656527546,2
hot_milmyeon,avgTca,0.04177292196743618,2
milmyeon_with_mandu,avgTca,-0.022622548781154887,2
milmyeon_only,avgTca,-0.08885123434293499,2
delivery,avgTca,-0.04192922195256288,2
side_menu,avgTca,-0.0025428898331204116,2
drinks_alcohol,avgTca,-0.06212638225106551,2
product_sales,avgTca,0.07548770266389873,2
kalguksu,avgTca,-0.2465383324981865,2
takeaway,avgTca,-0.22675562932801097,2
total,sumRn,-0.07623223212756355,2
hot_milmyeon,sumRn,0.015574405768843145,2
milmyeon_with_mandu,sumRn,-0.11885310589103615,2
milmyeon_only,sumRn,0.027567732779566128,2
delivery,sumRn,-0.07159267645083064,2
side_menu,sumRn,-0.012061967042366223,2
drinks_alcohol,sumRn,0.07778113106840692,2
product_sales,sumRn,0.10631656130654107,2
kalguksu,sumRn,-0.10139463417484043,2
takeaway,sumRn,-0.08650625294285892,2
total,avgPa,0.025723069014254443,2
hot_milmyeon,avgPa,0.12272004146613084,2
milmyeon_with_mandu,avgPa,0.06594058585362111,2
milmyeon_only,avgPa,-0.030169965034057746,2
delivery,avgPa,0.036708448851758835,2
side_menu,avgPa,0.08358093092090076,2
drinks_alcohol,avgPa,-0.06960689643778781,2
product_sales,avgPa,-0.07127994077687133,2
kalguksu,avgPa,-0.12102605229762393,2
takeaway,avgPa,-0.17289231064366758,2
total,diurnal_range,0.2555598649423708,2
hot_milmyeon,diurnal_range,0.03669554122427903,2
milmyeon_with_mandu,diurnal_range,0.22335507788405096,2
milmyeon_only,diurnal_range,0.1662025438870425,2
delivery,diurnal_range,-0.017323224031604814,2
side_menu,diurnal_range,0.086146787720701,2
drinks_alcohol,diurnal_range,0.14570502024011314,2
product_sales,diurnal_range,-0.03519582089823061,2
kalguksu,diurnal_range,0.09551277964434712,2
takeaway,diurnal_range,0.0873960060758737,2
total,rain_bool,-0.07403860552086543,2
hot_milmyeon,rain_bool,0.06014964369353516,2
milmyeon_with_mandu,rain_bool,-0.13114543333409115,2
milmyeon_only,rain_bool,0.04893085437388329,2
delivery,rain_bool,-0.10314983613772008,2
side_menu,rain_bool,0.050423009072613136,2
drinks_alcohol,rain_bool,0.019476244281775024,2
product_sales,rain_bool,-0.0844687832487815,2
kalguksu,rain_bool,-0.14608812547414568,2
takeaway,rain_bool,-0.14934924264260246,2
total,feel_temp,0.3047873926117705,2
hot_milmyeon,feel_temp,0.18137743750177668,2
milmyeon_with_mandu,feel_temp,0.2560315339613353,2
milmyeon_only,feel_temp,0.17531471390054412,2
delivery,feel_temp,-0.08930789657240319,2
side_menu,feel_temp,0.10737101662679542,2
drinks_alcohol,feel_temp,0.09723428255370924,2
product_sales,feel_temp,0.003901215296777191,2
kalguksu,feel_temp,-0.07557861438947186,2
takeaway,feel_temp,0.018625159945307272,2
total,avgTa,0.36765267595822115,3
hot_milmyeon,avgTa,-0.18795746536022026,3
milmyeon_with_mandu,avgTa,0.38762788144600097,3
milmyeon_only,avgTa,0.26530149635039446,3
delivery,avgTa,0.02184815672639136,3
side_menu,avgTa,0.15114494221230498,3
drinks_alcohol,avgTa,0.30355401976193824,3
product_sales,avgTa,-0.0807403912766687,3
kalguksu,avgTa,,3
takeaway,avgTa,-0.07309149948315882,3
total,avgWs,-0.022744903304314782,3
hot_milmyeon,avgWs,0.023733003341799702,3
milmyeon_with_mandu,avgWs,-0.03891048768236328,3
milmyeon_only,avgWs,-0.0062217403946977405,3
delivery,avgWs,-0.040259755028708925,3
side_menu,avgWs,0.023893693023666274,3
drinks_alcohol,avgWs,0.07480297759480833,3
product_sales,avgWs,-0.044286259024061865,3
kalguksu,avgWs,,3
takeaway,avgWs,-0.03033890465399456,3
total,maxTa,0.45985183842886823,3
hot_milmyeon,maxTa,-0.1254475424339953,3
milmyeon_with_mandu,maxTa,0.4540463529064202,3
milmyeon_only,maxTa,0.32302569549969484,3
delivery,maxTa,0.029765695047732247,3
side_menu,maxTa,0.2210992946822972,3
drinks_alcohol,maxTa,0.34610729009588576,3
product_sales,maxTa,-0.03742325603569241,3
kalguksu,maxTa,,3
takeaway,maxTa,-0.029342934431240135,3
total,minTa,0.2555082839868604,3
hot_milmyeon,minTa,-0.21987929327884959,3
milmyeon_with_mandu,minTa,0.29480843118883016,3
milmyeon_only,minTa,0.190495897267037,3
delivery,minTa,0.012804808661110865,3
side_menu,minTa,0.08577747869462611,3
drinks_alcohol,minTa,0.23527681085520408,3
product_sales,minTa,-0.10564618484147431,3
kalguksu,minTa,,3
takeaway,minTa,-0.11652402818105428,3
total,avgRhm,-0.14655464196002269,3
hot_milmyeon,avgRhm,-0.08324595071206357,3
milmyeon_with_mandu,avgRhm,-0.04612575409146471,3
milmyeon_only,avgRhm,-0.1484484577682411,3
delivery,avgRhm,-0.053270338576727104,3
side_menu,avgRhm,-0.17249839270234835,3
drinks_alcohol,avgRhm,-0.07777538914494828,3
product_sales,avgRhm,-0.09444178431315718,3
kalguksu,avgRhm,,3
takeaway,avgRhm,-0.06313906415626759,3
total,avgTs,0.3968468513029041,3
hot_milmyeon,avgTs,0.004207439722226207,3
milmyeon_with_mandu,avgTs,0.3241694908818276,3
milmyeon_only,avgTs,0.3187792331005653,3
delivery,avgTs,0.012797820546515126,3
side_menu,avgTs,0.22090913525741598,3
drinks_alcohol,avgTs,0.33202188876655336,3
product_sales,avgTs,-0.17946799756703402,3
kalguksu,avgTs,,3
takeaway,avgTs,0.08408235881927806,3
total,sumGsr,0.31668862193947817,3
hot_milmyeon,sumGsr,0.027436948862518976,3
milmyeon_with_mandu,sumGsr,0.31304726497556945,3
milmyeon_only,sumGsr,0.18239239685945377,3
delivery,sumGsr,0.05783762905585245,3
side_menu,sumGsr,0.17312239863864032,3
drinks_alcohol,sumGsr,0.08471445247829767,3
product_sales,sumGsr,0.012419068761383295,3
kalguksu,sumGsr,,3
takeaway,sumGsr,0.06041752072481753,3
total,sumSsHr,0.28400540162699345,3
hot_milmyeon,sumSsHr,0.07043357657804271,3
milmyeon_with_mandu,sumSsHr,0.27085837122159073,3
milmyeon_only,sumSsHr,0.16016491687238674,3
delivery,sumSsHr,0.06520819401796542,3
side_menu,sumSsHr,0.16042831311664627,3
drinks_alcohol,sumSsHr,0.09250457108408129,3
product_sales,sumSsHr,-0.007548034074223086,3
kalguksu,sumSsHr,,3
takeaway,sumSsHr,0.06569954701706646,3
total,avgTca,-0.21552813601437296,3
hot_milmyeon,avgTca,-0.14478903211628397,3
milmyeon_with_mandu,avgTca,-0.16553632963159645,3
milmyeon_only,avgTca,-0.1309155007598167,3
delivery,avgTca,-0.008307709766273878,3
side_menu,avgTca,-0.15400701449643375,3
drinks_alcohol,avgTca,-0.10371111306179488,3
product_sales,avgTca,-0.019525028130080422,3
kalguksu,avgTca,,3
takeaway,avgTca,-0.08901975224515335,3
total,sumRn,-0.14554488424532383,3
hot_milmyeon,sumRn,-0.12802513625315315,3
milmyeon_with_mandu,sumRn,-0.03587624974801678,3
milmyeon_only,sumRn,-0.14935346908285324,3
delivery,sumRn,-0.05861052039019897,3
side_menu,sumRn,-0.14946355798060282,3
drinks_alcohol,sumRn,-0.13516255917976333,3
product_sales,sumRn,-0.05477884201283836,3
kalguksu,sumRn,,3
takeaway,sumRn,-0.0776584260866034,3
total,avgPa,-0.09336763700911543,3
hot_milmyeon,avgPa,0.17136094995081805,3
milmyeon_with_mandu,avgPa,-0.21555297918034555,3
milmyeon_only,avgPa,0.010090601518867542,3
delivery,avgPa,0.04483600393489003,3
side_menu,avgPa,0.0444966974328174,3
drinks_alcohol,avgPa,0.015407890372851958,3
product_sales,avgPa,-0.06022870021950754,3
kalguksu,avgPa,,3
takeaway,avgPa,0.071760969014661,3
total,diurnal_range,0.2891782008510728,3
hot_milmyeon,diurnal_range,0.16056127571954598,3
milmyeon_with_mandu,diurnal_range,0.21772208949261385,3
milmyeon_only,diurnal_range,0.18557599630804808,3
delivery,diurnal_range,0.024671786138056047,3
side_menu,diurnal_range,0.1981483902584339,3
drinks_alcohol,diurnal_range,0.14913857914154027,3
product_sales,diurnal_range,0.11175958124266276,3
kalguksu,diurnal_range,,3
takeaway,diurnal_range,0.1413436402481331,3
total,rain_bool,-0.13465872909285134,3
hot_milmyeon,rain_bool,-0.09003124107306353,3
milmyeon_with_mandu,rain_bool,-0.1022551493841752,3
milmyeon_only,rain_bool,-0.08240835924429107,3
delivery,rain_bool,-0.10376464029262927,3
side_menu,rain_bool,-0.09010762417843417,3
drinks_alcohol,rain_bool,-0.07603714340988135,3
product_sales,rain_bool,0.04377624724226592,3
kalguksu,rain_bool,,3
takeaway,rain_bool,-0.10883891047230794,3
total,feel_temp,0.3567334834032669,3
hot_milmyeon,feel_temp,-0.1961168629638691,3
milmyeon_with_mandu,feel_temp,0.3796080409771187,3
milmyeon_only,feel_temp,0.2583229322369882,3
delivery,feel_temp,0.02056155382123186,3
side_menu,feel_temp,0.1462821273746494,3
drinks_alcohol,feel_temp,0.2938259572772566,3
product_sales,feel_temp,-0.08512001566751373,3
kalguksu,feel_temp,,3
takeaway,feel_temp,-0.07864488592686385,3
total,avgTa,0.4263496360694468,4
hot_milmyeon,avgTa,,4
milmyeon_with_mandu,avgTa,0.3479027368099776,4
milmyeon_only,avgTa,0.24093136960341818,4
delivery,avgTa,0.019272043185343955,4
side_menu,avgTa,0.24386138098674429,4
drinks_alcohol,avgTa,0.18845741248940398,4
product_sales,avgTa,0.060583908875789266,4
kalguksu,avgTa,,4
takeaway,avgTa,0.11786078464022193,4
total,avgWs,-0.08760465265989029,4
hot_milmyeon,avgWs,,4
milmyeon_with_mandu,avgWs,-0.09102248843308902,4
milmyeon_only,avgWs,-0.03145967920838358,4
delivery,avgWs,-0.0009439210900238973,4
side_menu,avgWs,-0.008504179784266047,4
drinks_alcohol,avgWs,-0.13173567912394268,4
product_sales,avgWs,-0.02395556128224294,4
kalguksu,avgWs,,4
takeaway,avgWs,-0.04363183703318659,4
total,maxTa,0.501402878015359,4
hot_milmyeon,maxTa,,4
milmyeon_with_mandu,maxTa,0.4543661085365973,4
milmyeon_only,maxTa,0.2360731281968623,4
delivery,maxTa,0.11386637469295342,4
side_menu,maxTa,0.2403369588706417,4
drinks_alcohol,maxTa,0.19633725779229322,4
product_sales,maxTa,0.09605361806253185,4
kalguksu,maxTa,,4
takeaway,maxTa,0.13022288469348917,4
total,minTa,0.2200700106216623,4
hot_milmyeon,minTa,,4
milmyeon_with_mandu,minTa,0.15788208171515586,4
milmyeon_only,minTa,0.14752953759641738,4
delivery,minTa,-0.05805410244671452,4
side_menu,minTa,0.1520818145365566,4
drinks_alcohol,minTa,0.11953004207264563,4
product_sales,minTa,0.020131658102614216,4
kalguksu,minTa,,4
takeaway,minTa,0.03613465509089604,4
total,avgRhm,-0.14159032824148884,4
hot_milmyeon,avgRhm,,4
milmyeon_with_mandu,avgRhm,-0.23020144042670704,4
milmyeon_only,avgRhm,0.041253062780550714,4
delivery,avgRhm,-0.19019276132767005,4
side_menu,avgRhm,0.012949831174510824,4
drinks_alcohol,avgRhm,0.03185393962834018,4
product_sales,avgRhm,-0.05638683101042527,4
kalguksu,avgRhm,,4
takeaway,avgRhm,-0.004007844706198401,4
total,avgTs,0.3950996111754508,4
hot_milmyeon,avgTs,,4
milmyeon_with_mandu,avgTs,0.40588888753721714,4
milmyeon_only,avgTs,0.13894679382901354,4
delivery,avgTs,0.05994717743107401,4
side_menu,avgTs,0.14654308013385428,4
drinks_alcohol,avgTs,0.07298082418003862,4
product_sales,avgTs,0.09497283335534952,4
kalguksu,avgTs,,4
takeaway,avgTs,0.10970507242292202,4
total,sumGsr,0.4460280616322347,4
hot_milmyeon,sumGsr,,4
milmyeon_with_mandu,sumGsr,0.462223570968686,4
milmyeon_only,sumGsr,0.1532927464451428,4
delivery,sumGsr,0.1455460369383332,4
side_menu,sumGsr,0.1565882691006065,4
drinks_alcohol,sumGsr,0.08843460984441333,4
product_sales,sumGsr,0.10711160973279722,4
kalguksu,sumGsr,,4
takeaway,sumGsr,0.057700894166715117,4
total,sumSsHr,0.42045645872338017,4
hot_milmyeon,sumSsHr,,4
milmyeon_with_mandu,sumSsHr,0.43333071283135766,4
milmyeon_only,sumSsHr,0.14747009242230064,4
delivery,sumSsHr,0.1156046675960038,4
side_menu,sumSsHr,0.1500048933030882,4
drinks_alcohol,sumSsHr,0.0737843170089814,4
product_sales,sumSsHr,0.10113515935817895,4
kalguksu,sumSsHr,,4
takeaway,sumSsHr,0.060547493818201,4
total,avgTca,-0.34193594514562214,4
hot_milmyeon,avgTca,,4
milmyeon_with_mandu,avgTca,-0.34571392095217174,4
milmyeon_only,avgTca,-0.13051238234672755,4
delivery,avgTca,-0.08967475065043526,4
side_menu,avgTca,-0.1189677324815244,4
drinks_alcohol,avgTca,-0.09719534277567636,4
product_sales,avgTca,0.008772030822199342,4
kalguksu,avgTca,,4
takeaway,avgTca,-0.030328264831968033,4
total,sumRn,-0.23656251915879015,4
hot_milmyeon,sumRn,,4
milmyeon_with_mandu,sumRn,-0.2239274654125973,4
milmyeon_only,sumRn,-0.10426088422403454,4
delivery,sumRn,-0.006725852062635518,4
side_menu,sumRn,-0.08466657435357618,4
drinks_alcohol,sumRn,-0.12251912430459548,4
product_sales,sumRn,-0.11104768084495732,4
kalguksu,sumRn,,4
takeaway,sumRn,-0.06191974134459861,4
total,avgPa,-0.03067640449960695,4
hot_milmyeon,avgPa,,4
milmyeon_with_mandu,avgPa,0.1694019544371512,4
milmyeon_only,avgPa,-0.21219086732332423,4
delivery,avgPa,0.02996946406752249,4
side_menu,avgPa,-0.2117432383398977,4
drinks_alcohol,avgPa,-0.11398969348179154,4
product_sales,avgPa,0.0962857036504953,4
kalguksu,avgPa,,4
takeaway,avgPa,-0.043047298949992915,4
total,diurnal_range,0.34181132080153187,4
hot_milmyeon,diurnal_range,,4
milmyeon_with_mandu,diurnal_range,0.35754840064250065,4
milmyeon_only,diurnal_range,0.11040156198387209,4
delivery,diurnal_range,0.201932231335638,4
side_menu,diurnal_range,0.1102234813585516,4
drinks_alcohol,diurnal_range,0.09546327596383224,4
product_sales,diurnal_range,0.09082669133394343,4
kalguksu,diurnal_range,,4
takeaway,diurnal_range,0.11296285698607034,4
total,rain_bool,-0.2893455250072846,4
hot_milmyeon,rain_bool,,4
milmyeon_with_mandu,rain_bool,-0.3401166885773929,4
milmyeon_only,rain_bool,-0.060430737896385776,4
delivery,rain_bool,0.011215375922276682,4
side_menu,rain_bool,-0.07359624993968564,4
drinks_alcohol,rain_bool,-0.0830545043497581,4
product_sales,rain_bool,-0.07492793745516015,4
kalguksu,rain_bool,,4
takeaway,rain_bool,0.009877512237789142,4
total,feel_temp,0.4261241538658456,4
hot_milmyeon,feel_temp,,4
milmyeon_with_mandu,feel_temp,0.3468290706105831,4
milmyeon_only,feel_temp,0.24181096645850694,4
delivery,feel_temp,0.011705401518835422,4
side_menu,feel_temp,0.24134301033233396,4
drinks_alcohol,feel_temp,0.1956062404162542,4
product_sales,feel_temp,0.0642770252967691,4
kalguksu,feel_temp,,4
takeaway,feel_temp,0.13432856126171605,4
total,avgTa,0.42914941471587814,5
hot_milmyeon,avgTa,,5
milmyeon_with_mandu,avgTa,0.41265125633347793,5
milmyeon_only,avgTa,0.059438144457377065,5
delivery,avgTa,0.011486671043442732,5
side_menu,avgTa,0.0572366704587541,5
drinks_alcohol,avgTa,-0.008419645546569387,5
product_sales,avgTa,0.07183958917753851,5
kalguksu,avgTa,,5
takeaway,avgTa,0.046381999785874775,5
total,avgWs,-0.02480053891541058,5
hot_milmyeon,avgWs,,5
milmyeon_with_mandu,avgWs,-0.0015212158235483472,5
milmyeon_only,avgWs,-0.050244366280432926,5
delivery,avgWs,0.01274228670094574,5
side_menu,avgWs,0.03390727813623534,5
drinks_alcohol,avgWs,0.02119100895453626,5
product_sales,avgWs,0.02590274149017707,5
kalguksu,avgWs,,5
takeaway,avgWs,0.0321499663788996,5
total,maxTa,0.5534277159402152,5
hot_milmyeon,maxTa,,5
milmyeon_with_mandu,maxTa,0.5057702035964797,5
milmyeon_only,maxTa,0.1205425368893409,5
delivery,maxTa,0.06478117420033884,5
side_menu,maxTa,0.11723663311610269,5
drinks_alcohol,maxTa,0.015461791593958997,5
product_sales,maxTa,0.042639543164310435,5
kalguksu,maxTa,,5
takeaway,maxTa,-0.08074309183503646,5
total,minTa,0.17382530698399626,5
hot_milmyeon,minTa,,5
milmyeon_with_mandu,minTa,0.21794119842258647,5
milmyeon_only,minTa,-0.04864169525879502,5
delivery,minTa,0.0067135626984317,5
side_menu,minTa,-0.050022734090168275,5
drinks_alcohol,minTa,-0.06925123163990196,5
product_sales,minTa,0.06852283653552023,5
kalguksu,minTa,,5
takeaway,minTa,0.12458733745898933,5
total,avgRhm,-0.3393118927187869,5
hot_milmyeon,avgRhm,,5
milmyeon_with_mandu,avgRhm,-0.3911793838752551,5
milmyeon_only,avgRhm,0.017336385275797908,5
delivery,avgRhm,0.00534138580109358,5
side_menu,avgRhm,0.001955606886164969,5
drinks_alcohol,avgRhm,0.04133583261733876,5
product_sales,avgRhm,0.051709756876695295,5
kalguksu,avgRhm,,5
takeaway,avgRhm,0.23729963964812661,5
total,avgTs,0.43889252557485536,5
hot_milmyeon,avgTs,,5
milmyeon_with_mandu,avgTs,0.5614808664356841,5
milmyeon_only,avgTs,-0.1077093858176625,5
delivery,avgTs,0.06300150599702581,5
side_menu,avgTs,-0.15864558734503567,5
drinks_alcohol,avgTs,-0.1321740151610475,5
product_sales,avgTs,0.13088672015310127,5
kalguksu,avgTs,,5
takeaway,avgTs,0.001458439933583554,5
total,sumGsr,0.608343149779135,5
hot_milmyeon,sumGsr,,5
milmyeon_with_mandu,sumGsr,0.5473869391525102,5
milmyeon_only,sumGsr,0.15591222769941024,5
delivery,sumGsr,0.12110816744893636,5
side_menu,sumGsr,0.13465107293611903,5
drinks_alcohol,sumGsr,0.05022890681406888,5
product_sales,sumGsr,0.04649370333377698,5
kalguksu,sumGsr,,5
takeaway,sumGsr,-0.2403379222710837,5
total,sumSsHr,0.5762625805056221,5
hot_milmyeon,sumSsHr,,5
milmyeon_with_mandu,sumSsHr,0.5068896823141866,5
milmyeon_only,sumSsHr,0.16217437801336587,5
delivery,sumSsHr,0.12931589967060864,5
side_menu,sumSsHr,0.1285229709140521,5
drinks_alcohol,sumSsHr,0.06273065741952172,5
product_sales,sumSsHr,0.045780755520651195,5
kalguksu,sumSsHr,,5
takeaway,sumSsHr,-0.1949373381607548,5
total,avgTca,-0.4763981284515196,5
hot_milmyeon,avgTca,,5
milmyeon_with_mandu,avgTca,-0.4075503805248878,5
milmyeon_only,avgTca,-0.14521872374755443,5
delivery,avgTca,-0.09435227015369477,5
side_menu,avgTca,-0.14311766708745413,5
drinks_alcohol,avgTca,-0.12929743885200598,5
product_sales,avgTca,0.005349225857668956,5
kalguksu,avgTca,,5
takeaway,avgTca,0.17445319676083343,5
total,sumRn,-0.3294115582015363,5
hot_milmyeon,sumRn,,5
milmyeon_with_mandu,sumRn,-0.3442402649515159,5
milmyeon_only,sumRn,-0.025831111959043203,5
delivery,sumRn,-0.08674201255934576,5
side_menu,sumRn,-0.011367166228472121,5
drinks_alcohol,sumRn,-0.0033556988844493903,5
product_sales,sumRn,-0.01887101880802585,5
kalguksu,sumRn,,5
takeaway,sumRn,0.1654525347014218,5
total,avgPa,0.0737122464170594,5
hot_milmyeon,avgPa,,5
milmyeon_with_mandu,avgPa,-0.023332160843205163,5
milmyeon_only,avgPa,0.16006057750847855,5
delivery,avgPa,-0.08525397139833477,5
side_menu,avgPa,0.07319684379855619,5
drinks_alcohol,avgPa,0.07112620857662441,5
product_sales,avgPa,-0.031277362352178935,5
kalguksu,avgPa,,5
takeaway,avgPa,-0.1678419965479463,5
total,diurnal_range,0.4739678926903827,5
hot_milmyeon,diurnal_range,,5
milmyeon_with_mandu,diurnal_range,0.3729845476870902,5
milmyeon_only,diurnal_range,0.19132481091055542,5
delivery,diurnal_range,0.06936359529695228,5
side_menu,diurnal_range,0.1888425393394361,5
drinks_alcohol,diurnal_range,0.0887088155876603,5
product_sales,diurnal_range,-0.019624062280817266,5
kalguksu,diurnal_range,,5
takeaway,diurnal_range,-0.22184856761458263,5
total,rain_bool,-0.3382318748077356,5
hot_milmyeon,rain_bool,,5
milmyeon_with_mandu,rain_bool,-0.32795726000229763,5
milmyeon_only,rain_bool,-0.07050617712678674,5
delivery,rain_bool,-0.1271083019521944,5
side_menu,rain_bool,0.0028322790999078815,5
drinks_alcohol,rain_bool,-0.03706511036659788,5
product_sales,rain_bool,0.05545838133964249,5
kalguksu,rain_bool,,5
takeaway,rain_bool,0.17985151084196674,5
total,feel_temp,0.42073482339302093,5
hot_milmyeon,feel_temp,,5
milmyeon_with_mandu,feel_temp,0.40235138074261534,5
milmyeon_only,feel_temp,0.06088207381265117,5
delivery,feel_temp,0.006800722384404085,5
side_menu,feel_temp,0.05681975652557662,5
drinks_alcohol,feel_temp,-0.006073963963261336,5
product_sales,feel_temp,0.06954296694985848,5
kalguksu,feel_temp,,5
takeaway,feel_temp,0.054233657732205405,5
total,avgTa,0.3214138838551017,6
hot_milmyeon,avgTa,,6
milmyeon_with_mandu,avgTa,0.20399280481643522,6
milmyeon_only,avgTa,0.1859406186766028,6
delivery,avgTa,0.16701640494093942,6
side_menu,avgTa,0.14902941810604087,6
drinks_alcohol,avgTa,0.13286280723575386,6
product_sales,avgTa,0.15243455924611207,6
kalguksu,avgTa,,6
takeaway,avgTa,-0.05331860178895324,6
total,avgWs,-0.1463196808344312,6
hot_milmyeon,avgWs,,6
milmyeon_with_mandu,avgWs,-0.09033832103940619,6
milmyeon_only,avgWs,-0.07884118531156781,6
delivery,avgWs,-0.01085468200885051,6
side_menu,avgWs,-0.08851015359427795,6
drinks_alcohol,avgWs,-0.012321040084465563,6
product_sales,avgWs,-0.04669627389770609,6
kalguksu,avgWs,,6
takeaway,avgWs,-0.053216780149535355,6
total,maxTa,0.4722643890977494,6
hot_milmyeon,maxTa,,6
milmyeon_with_mandu,maxTa,0.37870542787281786,6
milmyeon_only,maxTa,0.20407206508360692,6
delivery,maxTa,0.1688037704188777,6
side_menu,maxTa,0.15851903416529903,6
drinks_alcohol,maxTa,0.08883236682830477,6
product_sales,maxTa,0.16986015620371192,6
kalguksu,maxTa,,6
takeaway,maxTa,-0.16827609601986845,6
total,minTa,0.08457835680811479,6
hot_milmyeon,minTa,,6
milmyeon_with_mandu,minTa,0.005232175483980994,6
milmyeon_only,minTa,0.09084249187911579,6
delivery,minTa,0.08767876528870881,6
side_menu,minTa,0.06064938039456352,6
drinks_alcohol,minTa,0.08757801191134792,6
product_sales,minTa,0.08492499580343824,6
kalguksu,minTa,,6
takeaway,minTa,0.08004952637028291,6
total,avgRhm,-0.3804909326821272,6
hot_milmyeon,avgRhm,,6
milmyeon_with_mandu,avgRhm,-0.2576689425774428,6
milmyeon_only,avgRhm,-0.2241461371223453,6
delivery,avgRhm,-0.060832008979646815,6
side_menu,avgRhm,-0.1601516918608702,6
drinks_alcohol,avgRhm,-0.06447665264951684,6
product_sales,avgRhm,-0.05141351155221369,6
kalguksu,avgRhm,,6
takeaway,avgRhm,0.19935692257282514,6
total,avgTs,0.4521453724561086,6
hot_milmyeon,avgTs,,6
milmyeon_with_mandu,avgTs,0.5756005234957391,6
milmyeon_only,avgTs,-0.023840388287103765,6
delivery,avgTs,0.24641361227054742,6
side_menu,avgTs,-0.06406188146296003,6
drinks_alcohol,avgTs,-0.04842733436092302,6
product_sales,avgTs,0.19759271016142305,6
kalguksu,avgTs,,6
takeaway,avgTs,-0.07719180571860722,6
total,sumGsr,0.6051229030764761,6
hot_milmyeon,sumGsr,,6
milmyeon_with_mandu,sumGsr,0.5572353357443123,6
milmyeon_only,sumGsr,0.18966115957721827,6
delivery,sumGsr,0.15645995068384477,6
side_menu,sumGsr,0.13976696776541955,6
drinks_alcohol,sumGsr,0.017321252576867893,6
product_sales,sumGsr,0.1265943524093992,6
kalguksu,sumGsr,,6
takeaway,sumGsr,-0.178966003351032,6
total,sumSsHr,0.5561178316435528,6
hot_milmyeon,sumSsHr,,6
milmyeon_with_mandu,sumSsHr,0.5275202904240243,6
milmyeon_only,sumSsHr,0.1561127606919024,6
delivery,sumSsHr,0.17677716045772077,6
side_menu,sumSsHr,0.1067278579768379,6
drinks_alcohol,sumSsHr,0.02383974199441367,6
product_sales,sumSsHr,0.15235641257283317,6
kalguksu,sumSsHr,,6
takeaway,sumSsHr,-0.13759366296753278,6
total,avgTca,-0.49097977298470485,6
hot_milmyeon,avgTca,,6
milmyeon_with_mandu,avgTca,-0.4839364792714725,6
milmyeon_only,avgTca,-0.11888464903525384,6
delivery,avgTca,-0.18294877221251668,6
side_menu,avgTca,-0.08163993850557633,6
drinks_alcohol,avgTca,0.0034613011696710957,6
product_sales,avgTca,-0.14511788477373383,6
kalguksu,avgTca,,6
takeaway,avgTca,0.12815113860097554,6
total,sumRn,-0.3715051981950194,6
hot_milmyeon,sumRn,,6
milmyeon_with_mandu,sumRn,-0.34747364875651654,6
milmyeon_only,sumRn,-0.12585492571466786,6
delivery,sumRn,-0.09704416273348535,6
side_menu,sumRn,-0.09117072540640427,6
drinks_alcohol,sumRn,0.026569499071021196,6
product_sales,sumRn,-0.014188538033934677,6
kalguksu,sumRn,,6
takeaway,sumRn,0.2673121819534554,6
total,avgPa,0.10921875171205281,6
hot_milmyeon,avgPa,,6
milmyeon_with_mandu,avgPa,0.0882167148768701,6
milmyeon_only,avgPa,0.041455605097362354,6
delivery,avgPa,0.04613917077789656,6
side_menu,avgPa,0.02272144094855431,6
drinks_alcohol,avgPa,-0.02082522598314401,6
product_sales,avgPa,-0.10068933318374718,6
kalguksu,avgPa,,6
takeaway,avgPa,0.0832806991135199,6
total,diurnal_range,0.45159834376867947,6
hot_milmyeon,diurnal_range,,6
milmyeon_with_mandu,diurnal_range,0.41928601305803437,6
milmyeon_only,diurnal_range,0.1455642953447297,6
delivery,diurnal_range,0.10896071121722793,6
side_menu,diurnal_range,0.12212514410317615,6
drinks_alcohol,diurnal_range,0.019503000441060833,6
product_sales,diurnal_range,0.11265813560627887,6
kalguksu,diurnal_range,,6
takeaway,diurnal_range,-0.26152537911135126,6
total,rain_bool,-0.4433301756166102,6
hot_milmyeon,rain_bool,,6
milmyeon_with_mandu,rain_bool,-0.42758801794600754,6
milmyeon_only,rain_bool,-0.11360936978617121,6
delivery,rain_bool,-0.1484780024611315,6
side_menu,rain_bool,-0.09689111571442033,6
drinks_alcohol,rain_bool,0.10224826093016376,6
product_sales,rain_bool,-0.13384707073222832,6
kalguksu,rain_bool,,6
takeaway,rain_bool,0.09169995746648633,6
total,feel_temp,0.2413880930845852,6
hot_milmyeon,feel_temp,,6
milmyeon_with_mandu,feel_temp,0.15752492905891718,6
milmyeon_only,feel_temp,0.1348489560003239,6
delivery,feel_temp,0.15361471855549994,6
side_menu,feel_temp,0.10410285184316491,6
drinks_alcohol,feel_temp,0.11189043969600115,6
product_sales,feel_temp,0.15750775988280882,6
kalguksu,feel_temp,,6
takeaway,feel_temp,-0.04575123925820554,6
total,avgTa,0.6970637954445403,7
hot_milmyeon,avgTa,,7
milmyeon_with_mandu,avgTa,0.3757988938100912,7
milmyeon_only,avgTa,0.4614245332338028,7
delivery,avgTa,0.09742711385188058,7
side_menu,avgTa,0.41919575711862245,7
drinks_alcohol,avgTa,0.38256781200264933,7
product_sales,avgTa,-0.1718889416313446,7
kalguksu,avgTa,,7
takeaway,avgTa,-0.09423918718051302,7
total,avgWs,0.04053915690118687,7
hot_milmyeon,avgWs,,7
milmyeon_with_mandu,avgWs,-0.1521871181805196,7
milmyeon_only,avgWs,0.20721607174002674,7
delivery,avgWs,-0.08520831121713854,7
side_menu,avgWs,0.29889040054338506,7
drinks_alcohol,avgWs,0.12343349202561979,7
product_sales,avgWs,0.010430703812077982,7
kalguksu,avgWs,,7
takeaway,avgWs,-0.0476122458620822,7
total,maxTa,0.7371117302736121,7
hot_milmyeon,maxTa,,7
milmyeon_with_mandu,maxTa,0.4409421010936477,7
milmyeon_only,maxTa,0.4406027490026213,7
delivery,maxTa,0.09270652836946425,7
side_menu,maxTa,0.3939110743281384,7
drinks_alcohol,maxTa,0.3616495048805397,7
product_sales,maxTa,-0.1506451640435812,7
kalguksu,maxTa,,7
takeaway,maxTa,-0.10127944888407582,7
total,minTa,0.585009117612109,7
hot_milmyeon,minTa,,7
milmyeon_with_mandu,minTa,0.2944263465473745,7
milmyeon_only,minTa,0.40935773606013226,7
delivery,minTa,0.10438517455708596,7
side_menu,minTa,0.38601440946831345,7
drinks_alcohol,minTa,0.3544873944511777,7
product_sales,minTa,-0.20259255411425237,7
kalguksu,minTa,,7
takeaway,minTa,-0.08893871825330478,7
total,avgRhm,-0.5259209433517713,7
hot_milmyeon,avgRhm,,7
milmyeon_with_mandu,avgRhm,-0.2727209852325567,7
milmyeon_only,avgRhm,-0.37048246689946585,7
delivery,avgRhm,-0.0671594306683944,7
side_menu,avgRhm,-0.28824518181876335,7
drinks_alcohol,avgRhm,-0.3337972875907349,7
product_sales,avgRhm,0.0905184670150323,7
kalguksu,avgRhm,,7
takeaway,avgRhm,0.12408218626580579,7
total,avgTs,0.6716017332733979,7
hot_milmyeon,avgTs,,7
milmyeon_with_mandu,avgTs,0.45955418428402706,7
milmyeon_only,avgTs,0.33498214928648523,7
delivery,avgTs,0.1460457092446195,7
side_menu,avgTs,0.3124378192885698,7
drinks_alcohol,avgTs,0.3086953977278288,7
product_sales,avgTs,-0.1848653255456979,7
kalguksu,avgTs,,7
takeaway,avgTs,-0.09748192221711781,7
total,sumGsr,0.7365580865711526,7
hot_milmyeon,sumGsr,,7
milmyeon_with_mandu,sumGsr,0.516716504909523,7
milmyeon_only,sumGsr,0.361560301588298,7
delivery,sumGsr,0.11813799461912786,7
side_menu,sumGsr,0.30395917717248583,7
drinks_alcohol,sumGsr,0.28020514384309786,7
product_sales,sumGsr,-0.08650204954243121,7
kalguksu,sumGsr,,7
takeaway,sumGsr,-0.15468511358416823,7
total,sumSsHr,0.6658594830369987,7
hot_milmyeon,sumSsHr,,7
milmyeon_with_mandu,sumSsHr,0.432608415877199,7
milmyeon_only,sumSsHr,0.3649879815646253,7
delivery,sumSsHr,0.08557935246037794,7
side_menu,sumSsHr,0.3054517588587443,7
drinks_alcohol,sumSsHr,0.2928585254388183,7
product_sales,sumSsHr,-0.11858754842926739,7
kalguksu,sumSsHr,,7
takeaway,sumSsHr,-0.11786793238738257,7
total,avgTca,-0.5973002116709117,7
hot_milmyeon,avgTca,,7
milmyeon_with_mandu,avgTca,-0.35239988977479253,7
milmyeon_only,avgTca,-0.36991301733908705,7
delivery,avgTca,-0.035496738952921984,7
side_menu,avgTca,-0.3110432487360077,7
drinks_alcohol,avgTca,-0.28871621944947684,7
product_sales,avgTca,0.18199780926925638,7
kalguksu,avgTca,,7
takeaway,avgTca,0.11306578840607202,7
total,sumRn,-0.3998731726278433,7
hot_milmyeon,sumRn,,7
milmyeon_with_mandu,sumRn,-0.36049709380052397,7
milmyeon_only,sumRn,-0.11199742305177432,7
delivery,sumRn,-0.01729298620664504,7
side_menu,sumRn,-0.10987367377964244,7
drinks_alcohol,sumRn,-0.06267430205909366,7
product_sales,sumRn,-0.012891894578670592,7
kalguksu,sumRn,,7
takeaway,sumRn,0.1823422176341303,7
total,avgPa,0.13129438072667166,7
hot_milmyeon,avgPa,,7
milmyeon_with_mandu,avgPa,-0.02858762966493484,7
milmyeon_only,avgPa,0.19684129978947246,7
delivery,avgPa,0.026955949830675535,7
side_menu,avgPa,0.13456737157702214,7
drinks_alcohol,avgPa,0.22324813766622606,7
product_sales,avgPa,0.04305852985055982,7
kalguksu,avgPa,,7
takeaway,avgPa,0.03921485108096556,7
total,diurnal_range,0.5181869293820928,7
hot_milmyeon,diurnal_range,,7
milmyeon_with_mandu,diurnal_range,0.3865962647542866,7
milmyeon_only,diurnal_range,0.22740672244463517,7
delivery,diurnal_range,0.022663463507296866,7
side_menu,diurnal_range,0.17566104379003247,7
drinks_alcohol,diurnal_range,0.1611531302734078,7
product_sales,diurnal_range,0.00866369387685089,7
kalguksu,diurnal_range,,7
takeaway,diurnal_range,-0.059390668308687625,7
total,rain_bool,-0.47624263137586176,7
hot_milmyeon,rain_bool,,7
milmyeon_with_mandu,rain_bool,-0.34773197123293853,7
milmyeon_only,rain_bool,-0.21744205243064899,7
delivery,rain_bool,-0.08584557889908127,7
side_menu,rain_bool,-0.19385146882717053,7
drinks_alcohol,rain_bool,-0.22759267819894527,7
product_sales,rain_bool,0.09442443942756584,7
kalguksu,rain_bool,,7
takeaway,rain_bool,0.11393675327432552,7
total,feel_temp,0.6877499944139611,7
hot_milmyeon,feel_temp,,7
milmyeon_with_mandu,feel_temp,0.35686248904829476,7
milmyeon_only,feel_temp,0.47029979420925855,7
delivery,feel_temp,0.08786846971746444,7
side_menu,feel_temp,0.4383201538031432,7
drinks_alcohol,feel_temp,0.3819327687558773,7
product_sales,feel_temp,-0.16333838236653558,7
kalguksu,feel_temp,,7
takeaway,feel_temp,-0.1093254556264065,7
total,avgTa,0.6237756528647652,8
hot_milmyeon,avgTa,,8
milmyeon_with_mandu,avgTa,0.19876238108378314,8
milmyeon_only,avgTa,0.5465650973913616,8
delivery,avgTa,0.029502769729898837,8
side_menu,avgTa,0.5149826900300145,8
drinks_alcohol,avgTa,0.333737443685538,8
product_sales,avgTa,-0.018968575013361803,8
kalguksu,avgTa,,8
takeaway,avgTa,-0.2773729537362601,8
total,avgWs,-0.03892802930824029,8
hot_milmyeon,avgWs,,8
milmyeon_with_mandu,avgWs,0.15741935558272505,8
milmyeon_only,avgWs,-0.1900005466617711,8
delivery,avgWs,0.03832129816231687,8
side_menu,avgWs,-0.20117348846412414,8
drinks_alcohol,avgWs,-0.17070824627200973,8
product_sales,avgWs,0.02291486643834801,8
kalguksu,avgWs,,8
takeaway,avgWs,-0.057741207879816486,8
total,maxTa,0.6359441987433443,8
hot_milmyeon,maxTa,,8
milmyeon_with_mandu,maxTa,0.23318828415557516,8
milmyeon_only,maxTa,0.5260043772185516,8
delivery,maxTa,0.03506857908671392,8
side_menu,maxTa,0.507833850391024,8
drinks_alcohol,maxTa,0.33656258265528255,8
product_sales,maxTa,-0.03201554009658996,8
kalguksu,maxTa,,8
takeaway,maxTa,-0.28563071855349886,8
total,minTa,0.5329805793594574,8
hot_milmyeon,minTa,,8
milmyeon_with_mandu,minTa,0.14055468947058322,8
milmyeon_only,minTa,0.49702614566436726,8
delivery,minTa,0.02964972352799604,8
side_menu,minTa,0.46614008553939595,8
drinks_alcohol,minTa,0.30136988445854,8
product_sales,minTa,-0.0271842505539984,8
kalguksu,minTa,,8
takeaway,minTa,-0.24182918592619734,8
total,avgRhm,-0.4603504809823478,8
hot_milmyeon,avgRhm,,8
milmyeon_with_mandu,avgRhm,-0.05317800299665407,8
milmyeon_only,avgRhm,-0.49945038105413014,8
delivery,avgRhm,0.05553214770102984,8
side_menu,avgRhm,-0.40025766587704015,8
drinks_alcohol,avgRhm,-0.39609903380969264,8
product_sales,avgRhm,0.000536304697828747,8
kalguksu,avgRhm,,8
takeaway,avgRhm,0.151341356673765,8
total,avgTs,0.649437047068295,8
hot_milmyeon,avgTs,,8
milmyeon_with_mandu,avgTs,0.2899524395911839,8
milmyeon_only,avgTs,0.4797528863994417,8
delivery,avgTs,0.06757500907769637,8
side_menu,avgTs,0.45607481887791124,8
drinks_alcohol,avgTs,0.27718357761816564,8
product_sales,avgTs,-0.01664730735994712,8
kalguksu,avgTs,,8
takeaway,avgTs,-0.21831416355429373,8
total,sumGsr,0.6637495701884323,8
hot_milmyeon,sumGsr,,8
milmyeon_with_mandu,sumGsr,0.39870855928474835,8
milmyeon_only,sumGsr,0.3932365522546445,8
delivery,sumGsr,0.08415452704117125,8
side_menu,sumGsr,0.3556924405545288,8
drinks_alcohol,sumGsr,0.259984582362178,8
product_sales,sumGsr,0.03980430399035857,8
kalguksu,sumGsr,,8
takeaway,sumGsr,-0.2644513922724447,8
total,sumSsHr,0.60785756176434,8
hot_milmyeon,sumSsHr,,8
milmyeon_with_mandu,sumSsHr,0.3212660167670985,8
milmyeon_only,sumSsHr,0.4045111591712446,8
delivery,sumSsHr,0.05567759843347189,8
side_menu,sumSsHr,0.3630002324152886,8
drinks_alcohol,sumSsHr,0.26001949151714515,8
product_sales,sumSsHr,0.02259111643621632,8
kalguksu,sumSsHr,,8
takeaway,sumSsHr,-0.23747033771026307,8
total,avgTca,-0.5392095767127438,8
hot_milmyeon,avgTca,,8
milmyeon_with_mandu,avgTca,-0.22609655780897214,8
milmyeon_only,avgTca,-0.41917208362029384,8
delivery,avgTca,-0.033426161793671534,8
side_menu,avgTca,-0.3747158276609699,8
drinks_alcohol,avgTca,-0.2763182449166052,8
product_sales,avgTca,0.03952019558494928,8
kalguksu,avgTca,,8
takeaway,avgTca,0.1978489410937826,8
total,sumRn,-0.44316082505764515,8
hot_milmyeon,sumRn,,8
milmyeon_with_mandu,sumRn,-0.3259855323378955,8
milmyeon_only,sumRn,-0.20428887197122791,8
delivery,sumRn,-0.10779775802411717,8
side_menu,sumRn,-0.18052684995831986,8
drinks_alcohol,sumRn,-0.1535305269196182,8
product_sales,sumRn,-0.039482801278506494,8
kalguksu,sumRn,,8
takeaway,sumRn,0.1945337396740387,8
total,avgPa,-0.09180697726265369,8
hot_milmyeon,avgPa,,8
milmyeon_with_mandu,avgPa,0.06487811222818933,8
milmyeon_only,avgPa,-0.15366491290800527,8
delivery,avgPa,0.06190788049581295,8
side_menu,avgPa,-0.152088889564387,8
drinks_alcohol,avgPa,-0.13883095042457824,8
product_sales,avgPa,0.08238040218394262,8
kalguksu,avgPa,,8
takeaway,avgPa,-0.18386487163221424,8
total,diurnal_range,0.3298875214680158,8
hot_milmyeon,diurnal_range,,8
milmyeon_with_mandu,diurnal_range,0.1896112430087186,8
milmyeon_only,diurnal_range,0.20257540974299504,8
delivery,diurnal_range,0.017867394433824665,8
side_menu,diurnal_range,0.2127356114386084,8
drinks_alcohol,diurnal_range,0.1504461638989094,8
product_sales,diurnal_range,-0.01616701426631593,8
kalguksu,diurnal_range,,8
takeaway,diurnal_range,-0.1451099150347757,8
total,rain_bool,-0.5228761829024196,8
hot_milmyeon,rain_bool,,8
milmyeon_with_mandu,rain_bool,-0.33961024581329674,8
milmyeon_only,rain_bool,-0.2797055182610222,8
delivery,rain_bool,-0.11843981275482175,8
side_menu,rain_bool,-0.24199156994729937,8
drinks_alcohol,rain_bool,-0.2243911173287647,8
product_sales,rain_bool,-0.09137192478572165,8
kalguksu,rain_bool,,8
takeaway,rain_bool,0.19100586426492375,8
total,feel_temp,0.6153567091475591,8
hot_milmyeon,feel_temp,,8
milmyeon_with_mandu,feel_temp,0.2071449556739388,8
milmyeon_only,feel_temp,0.5300406378122313,8
delivery,feel_temp,0.022882237810762967,8
side_menu,feel_temp,0.5040141575382029,8
drinks_alcohol,feel_temp,0.31347901577025444,8
product_sales,feel_temp,-0.024178239318242232,8
kalguksu,feel_temp,,8
takeaway,feel_temp,-0.29167481140007934,8
total,avgTa,0.6000072764189728,9
hot_milmyeon,avgTa,,9
milmyeon_with_mandu,avgTa,0.3133584201302889,9
milmyeon_only,avgTa,0.5766080833850032,9
delivery,avgTa,-0.20823876866657687,9
side_menu,avgTa,0.4718806153681702,9
drinks_alcohol,avgTa,0.27874870698075915,9
product_sales,avgTa,-0.07195467147613119,9
kalguksu,avgTa,-0.32260361644467855,9
takeaway,avgTa,-0.0930513877807153,9
total,avgWs,-0.08989757630462923,9
hot_milmyeon,avgWs,,9
milmyeon_with_mandu,avgWs,-0.00047754054099444107,9
milmyeon_only,avgWs,-0.13166276741747934,9
delivery,avgWs,0.06051405728131507,9
side_menu,avgWs,-0.053042278772807365,9
drinks_alcohol,avgWs,-0.12014480150967442,9
product_sales,avgWs,0.08527529582562625,9
kalguksu,avgWs,0.11029881810224512,9
takeaway,avgWs,-0.21365070217979196,9
total,maxTa,0.6541106735253005,9
hot_milmyeon,maxTa,,9
milmyeon_with_mandu,maxTa,0.34966884550725613,9
milmyeon_only,maxTa,0.6138806330336111,9
delivery,maxTa,-0.22341430460335543,9
side_menu,maxTa,0.4905470627452778,9
drinks_alcohol,maxTa,0.3160934933925254,9
product_sales,maxTa,-0.08570473473495488,9
kalguksu,maxTa,-0.2190880820387413,9
takeaway,maxTa,-0.0401928198061824,9
total,minTa,0.47617980091699624,9
hot_milmyeon,minTa,,9
milmyeon_with_mandu,minTa,0.21114691538639416,9
milmyeon_only,minTa,0.4921792143357778,9
delivery,minTa,-0.2132625882192718,9
side_menu,minTa,0.4201833155323533,9
drinks_alcohol,minTa,0.22097393389590778,9
product_sales,minTa,-0.07769810298290006,9
kalguksu,minTa,-0.34294814889137576,9
takeaway,minTa,-0.11285549931278571,9
total,avgRhm,-0.28837714005319254,9
hot_milmyeon,avgRhm,,9
milmyeon_with_mandu,avgRhm,-0.13096449296517762,9
milmyeon_only,avgRhm,-0.264095332407796,9
delivery,avgRhm,0.028303818656686797,9
side_menu,avgRhm,-0.19853585530039278,9
drinks_alcohol,avgRhm,-0.19839980026586074,9
product_sales,avgRhm,-0.09413564419421924,9
kalguksu,avgRhm,-0.20055698772323252,9
takeaway,avgRhm,-0.006923382866587668,9
total,avgTs,0.6414874867405416,9
hot_milmyeon,avgTs,,9
milmyeon_with_mandu,avgTs,0.2948540637082517,9
milmyeon_only,avgTs,0.62929749178488,9
delivery,avgTs,-0.1465296381603355,9
side_menu,avgTs,0.5288082555780621,9
drinks_alcohol,avgTs,0.3458078962314736,9
product_sales,avgTs,0.024380785526582415,9
kalguksu,avgTs,-0.21187936066437466,9
takeaway,avgTs,-0.01702000420314724,9
total,sumGsr,0.5720898875795248,9
hot_milmyeon,sumGsr,,9
milmyeon_with_mandu,sumGsr,0.4524141383037376,9
milmyeon_only,sumGsr,0.40155902623946205,9
delivery,sumGsr,-0.022233159682423283,9
side_menu,sumGsr,0.28755181282336667,9
drinks_alcohol,sumGsr,0.2568270547435328,9
product_sales,sumGsr,0.10922764088625704,9
kalguksu,sumGsr,0.035847157180295304,9
takeaway,sumGsr,0.05783550137066087,9
total,sumSsHr,0.5112523088669555,9
hot_milmyeon,sumSsHr,,9
milmyeon_with_mandu,sumSsHr,0.3603925551215877,9
milmyeon_only,sumSsHr,0.3918990357624948,9
delivery,sumSsHr,-0.03820760106402794,9
side_menu,sumSsHr,0.2703447584664621,9
drinks_alcohol,sumSsHr,0.24101527465960992,9
product_sales,sumSsHr,0.1311458879482379,9
kalguksu,sumSsHr,0.06909860035560131,9
takeaway,sumSsHr,0.06389636941759257,9
total,avgTca,-0.43099680061725204,9
hot_milmyeon,avgTca,,9
milmyeon_with_mandu,avgTca,-0.265846311464567,9
milmyeon_only,avgTca,-0.36568048553690513,9
delivery,avgTca,0.018963308989466347,9
side_menu,avgTca,-0.2245611178888055,9
drinks_alcohol,avgTca,-0.1965460156037494,9
product_sales,avgTca,-0.06585883540085684,9
kalguksu,avgTca,-0.09027727009213685,9
takeaway,avgTca,-0.03985555817808687,9
total,sumRn,-0.1937614765901046,9
hot_milmyeon,sumRn,,9
milmyeon_with_mandu,sumRn,-0.2126638788399926,9
milmyeon_only,sumRn,-0.0844829521531858,9
delivery,sumRn,-0.04002851820617188,9
side_menu,sumRn,-0.06164938802203389,9
drinks_alcohol,sumRn,-0.07255003691821464,9
product_sales,sumRn,-0.060286077387932624,9
kalguksu,sumRn,-0.04992122612842771,9
takeaway,sumRn,-0.022390607289436364,9
total,avgPa,-0.09035601957511,9
hot_milmyeon,avgPa,,9
milmyeon_with_mandu,avgPa,-0.07079707160859673,9
milmyeon_only,avgPa,-0.07952110587551356,9
delivery,avgPa,0.03546699837400775,9
side_menu,avgPa,-0.06163187228372989,9
drinks_alcohol,avgPa,0.0338226458339291,9
product_sales,avgPa,0.06923586778759298,9
kalguksu,avgPa,0.13158177007536548,9
takeaway,avgPa,0.06506893547344648,9
total,diurnal_range,0.3595053620026048,9
hot_milmyeon,diurnal_range,,9
milmyeon_with_mandu,diurnal_range,0.25693233011039956,9
milmyeon_only,diurnal_range,0.2698375803243071,9
delivery,diurnal_range,-0.047274612207595205,9
side_menu,diurnal_range,0.17551568468368198,9
drinks_alcohol,diurnal_range,0.1873568053867564,9
product_sales,diurnal_range,-0.02426982680193954,9
kalguksu,diurnal_range,0.1532638993414128,9
takeaway,diurnal_range,0.10261650421052804,9
total,rain_bool,-0.35040354515855726,9
hot_milmyeon,rain_bool,,9
milmyeon_with_mandu,rain_bool,-0.1791082834312908,9
milmyeon_only,rain_bool,-0.30649324914902226,9
delivery,rain_bool,0.06404691137748958,9
side_menu,rain_bool,-0.25570861204321693,9
drinks_alcohol,rain_bool,-0.19445549226151113,9
product_sales,rain_bool,-0.05580123967544517,9
kalguksu,rain_bool,-0.16822685878145516,9
takeaway,rain_bool,-0.10668535079245699,9
total,feel_temp,0.5940555182145216,9
hot_milmyeon,feel_temp,,9
milmyeon_with_mandu,feel_temp,0.31725362058533074,9
milmyeon_only,feel_temp,0.5662599398519009,9
delivery,feel_temp,-0.20446730576885266,9
side_menu,feel_temp,0.4593733034736544,9
drinks_alcohol,feel_temp,0.27630227557492715,9
product_sales,feel_temp,-0.07212966955213652,9
kalguksu,feel_temp,-0.32865370150171347,9
takeaway,feel_temp,-0.07565137673336124,9
total,avgTa,0.5380891685414376,10
hot_milmyeon,avgTa,-0.1214745535797386,10
milmyeon_with_mandu,avgTa,0.5334113399351712,10
milmyeon_only,avgTa,0.3520774331367376,10
delivery,avgTa,0.15047416888403567,10
side_menu,avgTa,0.2549643845921336,10
drinks_alcohol,avgTa,0.08793715030310292,10
product_sales,avgTa,-0.005918740810277137,10
kalguksu,avgTa,-0.1933840262560108,10
takeaway,avgTa,0.011339004669303324,10
total,avgWs,-0.08801034971505058,10
hot_milmyeon,avgWs,0.19747851611177095,10
milmyeon_with_mandu,avgWs,-0.17840652147245087,10
milmyeon_only,avgWs,-0.029340458130104736,10
delivery,avgWs,-0.07235903655984338,10
side_menu,avgWs,0.031560697933134,10
drinks_alcohol,avgWs,-0.031065767838789306,10
product_sales,avgWs,0.08712777829252372,10
kalguksu,avgWs,0.08433491603153997,10
takeaway,avgWs,0.011469326420713513,10
total,maxTa,0.5823293887482534,10
hot_milmyeon,maxTa,-0.08787990692833401,10
milmyeon_with_mandu,maxTa,0.5474489642843929,10
milmyeon_only,maxTa,0.3871003512297658,10
delivery,maxTa,0.14368298380838385,10
side_menu,maxTa,0.29865410714402296,10
drinks_alcohol,maxTa,0.14314534980382584,10
product_sales,maxTa,0.04596202674288343,10
kalguksu,maxTa,-0.16851327349580297,10
takeaway,maxTa,0.06340032905082407,10
total,minTa,0.465457517397094,10
hot_milmyeon,minTa,-0.1261857212123446,10
milmyeon_with_mandu,minTa,0.4589196718814505,10
milmyeon_only,minTa,0.3160287916751528,10
delivery,minTa,0.11968962144716531,10
side_menu,minTa,0.2277550911748098,10
drinks_alcohol,minTa,0.07375380183883937,10
product_sales,minTa,-0.019121796829438344,10
kalguksu,minTa,-0.18971414183529473,10
takeaway,minTa,0.009656515098823745,10
total,avgRhm,0.18447166108684102,10
hot_milmyeon,avgRhm,-0.18091072834429506,10
milmyeon_with_mandu,avgRhm,0.24198731067150295,10
milmyeon_only,avgRhm,0.12107221456950448,10
delivery,avgRhm,0.04088484944495733,10
side_menu,avgRhm,0.053379526917072186,10
drinks_alcohol,avgRhm,-0.07656017378841268,10
product_sales,avgRhm,0.0123813690616697,10
kalguksu,avgRhm,-0.18284598931077053,10
takeaway,avgRhm,-0.01441892399086105,10
total,avgTs,0.4672950442603444,10
hot_milmyeon,avgTs,-0.0953698999687594,10
milmyeon_with_mandu,avgTs,0.4636847972163653,10
milmyeon_only,avgTs,0.27751991274520715,10
delivery,avgTs,0.15101043050785312,10
side_menu,avgTs,0.2535375530328206,10
drinks_alcohol,avgTs,0.12055429894163305,10
product_sales,avgTs,-0.046033880397541437,10
kalguksu,avgTs,-0.07610290672713631,10
takeaway,avgTs,0.13074241246465493,10
total,sumGsr,0.23523465467413385,10
hot_milmyeon,sumGsr,0.03481452537957792,10
milmyeon_with_mandu,sumGsr,0.2501790426491791,10
milmyeon_only,sumGsr,0.08494730335095951,10
delivery,sumGsr,0.06619661525201127,10
side_menu,sumGsr,0.10694426271874179,10
drinks_alcohol,sumGsr,0.09532545993836698,10
product_sales,sumGsr,0.027984051457556836,10
kalguksu,sumGsr,0.04897743417434642,10
takeaway,sumGsr,0.0963330736266649,10
total,sumSsHr,0.15249056154733856,10
hot_milmyeon,sumSsHr,0.07736385676774205,10
milmyeon_with_mandu,sumSsHr,0.19425495402598128,10
milmyeon_only,sumSsHr,0.004569996621634137,10
delivery,sumSsHr,0.06637710000298241,10
side_menu,sumSsHr,0.03655824963481653,10
drinks_alcohol,sumSsHr,0.05870432026468931,10
product_sales,sumSsHr,0.030199133722431895,10
kalguksu,sumSsHr,0.06616920380746191,10
takeaway,sumSsHr,0.04832197106772865,10
total,avgTca,-0.08918263624180538,10
hot_milmyeon,avgTca,-0.1387813170235015,10
milmyeon_with_mandu,avgTca,-0.1421928180654236,10
milmyeon_only,avgTca,0.04972374613485653,10
delivery,avgTca,-0.08830275521824608,10
side_menu,avgTca,0.012287182424777027,10
drinks_alcohol,avgTca,-0.08338445799666007,10
product_sales,avgTca,0.0025494644207980145,10
kalguksu,avgTca,-0.03886142322570784,10
takeaway,avgTca,0.0048998587994222974,10
total,sumRn,-0.16393243020318712,10
hot_milmyeon,sumRn,0.0037940819782690182,10
milmyeon_with_mandu,sumRn,-0.1403590896628356,10
milmyeon_only,sumRn,-0.09840508053949776,10
delivery,sumRn,-0.034232232802290694,10
side_menu,sumRn,-0.10022148259877259,10
drinks_alcohol,sumRn,-0.08141702292911468,10
product_sales,sumRn,0.027512546378206496,10
kalguksu,sumRn,-0.056912582654293144,10
takeaway,sumRn,-0.06232669586863273,10
total,avgPa,-0.22675836765997906,10
hot_milmyeon,avgPa,0.11502050925176162,10
milmyeon_with_mandu,avgPa,-0.2058335540722921,10
milmyeon_only,avgPa,-0.18516752185748306,10
delivery,avgPa,-0.03624677547264754,10
side_menu,avgPa,-0.1601616418385991,10
drinks_alcohol,avgPa,-0.0968539522942064,10
product_sales,avgPa,-0.03464014925011822,10
kalguksu,avgPa,0.12090263299572647,10
takeaway,avgPa,0.09844437251485826,10
total,diurnal_range,0.030160786234889766,10
hot_milmyeon,diurnal_range,0.08333249006894519,10
milmyeon_with_mandu,diurnal_range,-0.00517340342657495,10
milmyeon_only,diurnal_range,0.0096520187655721,10
delivery,diurnal_range,-0.00016695885194220877,10
side_menu,diurnal_range,0.032685933532810386,10
drinks_alcohol,diurnal_range,0.07129324903921526,10
product_sales,diurnal_range,0.09013313717964572,10
kalguksu,diurnal_range,0.07770770922272205,10
takeaway,diurnal_range,0.06772361082178174,10
total,rain_bool,0.026908129873274136,10
hot_milmyeon,rain_bool,-0.11882478870955662,10
milmyeon_with_mandu,rain_bool,-0.051794255763949325,10
milmyeon_only,rain_bool,0.135102560308877,10
delivery,rain_bool,-0.030052473581954297,10
side_menu,rain_bool,0.11674354635869041,10
drinks_alcohol,rain_bool,0.016014674855029623,10
product_sales,rain_bool,-0.040845907882112946,10
kalguksu,rain_bool,-0.10111141235897418,10
takeaway,rain_bool,-0.05836282096470779,10
total,feel_temp,0.5382266051952693,10
hot_milmyeon,feel_temp,-0.13651512274091457,10
milmyeon_with_mandu,feel_temp,0.5457635047683467,10
milmyeon_only,feel_temp,0.3446146301343979,10
delivery,feel_temp,0.15056221172196865,10
side_menu,feel_temp,0.2457922188794532,10
drinks_alcohol,feel_temp,0.08311853970248292,10
product_sales,feel_temp,-0.015075618259921285,10
kalguksu,feel_temp,-0.18967757284308975,10
takeaway,feel_temp,0.004875406538671394,10
total,avgTa,0.45151074564298993,11
hot_milmyeon,avgTa,-0.05456783872177358,11
milmyeon_with_mandu,avgTa,0.4281635562850943,11
milmyeon_only,avgTa,0.3804162463647934,11
delivery,avgTa,0.10404008718864842,11
side_menu,avgTa,0.21853841360896822,11
drinks_alcohol,avgTa,0.12873593973258432,11
product_sales,avgTa,0.10248130712379745,11
kalguksu,avgTa,-0.10860711222032374,11
takeaway,avgTa,0.021182648188501088,11
total,avgWs,-0.2608974058143486,11
hot_milmyeon,avgWs,0.08295888053490712,11
milmyeon_with_mandu,avgWs,-0.1154667198008695,11
milmyeon_only,avgWs,-0.11711755973731715,11
delivery,avgWs,-0.079800979928737,11
side_menu,avgWs,-0.15034143509653453,11
drinks_alcohol,avgWs,-0.08886311768200583,11
product_sales,avgWs,-0.06673548049201013,11
kalguksu,avgWs,-0.12018703120871836,11
takeaway,avgWs,-0.2067306422030477,11
total,maxTa,0.4853181205040776,11
hot_milmyeon,maxTa,-0.023464886875258845,11
milmyeon_with_mandu,maxTa,0.4342479724720934,11
milmyeon_only,maxTa,0.4123604987032291,11
delivery,maxTa,0.07074393988867439,11
side_menu,maxTa,0.255086024411342,11
drinks_alcohol,maxTa,0.15836525654420117,11
product_sales,maxTa,0.11076514168240459,11
kalguksu,maxTa,-0.11128711178480813,11
takeaway,maxTa,0.018667327159674625,11
total,minTa,0.4174591500188094,11
hot_milmyeon,minTa,-0.04270349019582002,11
milmyeon_with_mandu,minTa,0.4116453810938164,11
milmyeon_only,minTa,0.36284321046998225,11
delivery,minTa,0.10716235096508578,11
side_menu,minTa,0.20643174565019395,11
drinks_alcohol,minTa,0.10660109184890415,11
product_sales,minTa,0.11870692566386751,11
kalguksu,minTa,-0.12502176704964077,11
takeaway,minTa,-0.00557876075344774,11
total,avgRhm,0.2572865729046497,11
hot_milmyeon,avgRhm,-0.08663999680121022,11
milmyeon_with_mandu,avgRhm,0.3471152086591912,11
milmyeon_only,avgRhm,0.1857683115115332,11
delivery,avgRhm,0.1436299887110924,11
side_menu,avgRhm,0.030221569643849647,11
drinks_alcohol,avgRhm,-0.04695218966743729,11
product_sales,avgRhm,0.06382815628706,11
kalguksu,avgRhm,-0.1160021033419005,11
takeaway,avgRhm,0.010608458412565736,11
total,avgTs,0.47460686367379523,11
hot_milmyeon,avgTs,0.050267764995647696,11
milmyeon_with_mandu,avgTs,0.32807862850528086,11
milmyeon_only,avgTs,0.32687505812774187,11
delivery,avgTs,0.17019664725479783,11
side_menu,avgTs,0.2045256472291963,11
drinks_alcohol,avgTs,0.10163763394610108,11
product_sales,avgTs,0.08853046797920777,11
kalguksu,avgTs,-0.016558066286035563,11
takeaway,avgTs,0.11708991874004675,11
total,sumGsr,0.050601611630778615,11
hot_milmyeon,sumGsr,-0.010799245176440889,11
milmyeon_with_mandu,sumGsr,0.13943771595667753,11
milmyeon_only,sumGsr,0.04931601075845892,11
delivery,sumGsr,-0.0649761352789582,11
side_menu,sumGsr,0.018527727282257638,11
drinks_alcohol,sumGsr,0.06380981740582352,11
product_sales,sumGsr,0.08488338409008465,11
kalguksu,sumGsr,-0.018145377611927985,11
takeaway,sumGsr,-0.09163487443274645,11
total,sumSsHr,0.013014835603099358,11
hot_milmyeon,sumSsHr,0.009273567607837943,11
milmyeon_with_mandu,sumSsHr,0.0905239927180719,11
milmyeon_only,sumSsHr,0.02604917217901697,11
delivery,sumSsHr,-0.07708213806923786,11
side_menu,sumSsHr,-0.017847825444868307,11
drinks_alcohol,sumSsHr,0.03417562542616981,11
product_sales,sumSsHr,0.09673216670592912,11
kalguksu,sumSsHr,-0.009219984579085828,11
takeaway,sumSsHr,-0.09354314132653926,11
total,avgTca,0.05454882841703321,11
hot_milmyeon,avgTca,-0.011402835350596762,11
milmyeon_with_mandu,avgTca,-0.030001198757112435,11
milmyeon_only,avgTca,0.00455158429579137,11
delivery,avgTca,0.10165526382686825,11
side_menu,avgTca,0.04479155187453049,11
drinks_alcohol,avgTca,-0.03467959023703503,11
product_sales,avgTca,-0.07389822607744133,11
kalguksu,avgTca,0.023677474019712864,11
takeaway,avgTca,0.11167331289658367,11
total,sumRn,-0.019270727345714788,11
hot_milmyeon,sumRn,0.05728780656577083,11
milmyeon_with_mandu,sumRn,-0.03155108715056341,11
milmyeon_only,sumRn,0.024667318090424523,11
delivery,sumRn,0.14281057621639115,11
side_menu,sumRn,0.0502408251019347,11
drinks_alcohol,sumRn,0.0274486721396183,11
product_sales,sumRn,-0.025527804926242164,11
kalguksu,sumRn,-0.08764308777840418,11
takeaway,sumRn,-0.050786530860779534,11
total,avgPa,0.020960362162681816,11
hot_milmyeon,avgPa,-0.07706384826454334,11
milmyeon_with_mandu,avgPa,-0.19822064809887147,11
milmyeon_only,avgPa,-0.047248923536217,11
delivery,avgPa,-0.01849247955708614,11
side_menu,avgPa,-0.054016802217844676,11
drinks_alcohol,avgPa,0.025349240482996648,11
product_sales,avgPa,0.05458721863361439,11
kalguksu,avgPa,0.2241791495871388,11
takeaway,avgPa,0.2676000847672379,11
total,diurnal_range,0.10710184891885736,11
hot_milmyeon,diurnal_range,0.04488365992361249,11
milmyeon_with_mandu,diurnal_range,0.011098872597670064,11
milmyeon_only,diurnal_range,0.07290463136876209,11
delivery,diurnal_range,-0.08733738523517923,11
side_menu,diurnal_range,0.08516450915494549,11
drinks_alcohol,diurnal_range,0.10079736089108521,11
product_sales,diurnal_range,-0.027640488539466837,11
kalguksu,diurnal_range,0.04056535967155002,11
takeaway,diurnal_range,0.05221728093088086,11
total,rain_bool,0.021529922377834326,11
hot_milmyeon,rain_bool,0.0659580251726776,11
milmyeon_with_mandu,rain_bool,0.032827071069388265,11
milmyeon_only,rain_bool,0.08546402667143235,11
delivery,rain_bool,0.1461563364583896,11
side_menu,rain_bool,0.07028344735395411,11
drinks_alcohol,rain_bool,0.06673522727388222,11
product_sales,rain_bool,-0.12982465937312876,11
kalguksu,rain_bool,-0.13503928179168243,11
takeaway,rain_bool,-0.09242016648891255,11
total,feel_temp,0.45121209932488415,11
hot_milmyeon,feel_temp,-0.060199353153641076,11
milmyeon_with_mandu,feel_temp,0.42256697141756383,11
milmyeon_only,feel_temp,0.374908614014224,11
delivery,feel_temp,0.10581628480466818,11
side_menu,feel_temp,0.21791529049499817,11
drinks_alcohol,feel_temp,0.12689894652038194,11
product_sales,feel_temp,0.09768780732068187,11
kalguksu,feel_temp,-0.10066006526747909,11
takeaway,feel_temp,0.032733212580609836,11
total,avgTa,0.36198336390256497,12
hot_milmyeon,avgTa,0.173077828257824,12
milmyeon_with_mandu,avgTa,0.23042574144748515,12
milmyeon_only,avgTa,0.21553376040691893,12
delivery,avgTa,0.10813302060054159,12
side_menu,avgTa,0.15482242802993446,12
drinks_alcohol,avgTa,-0.02588317475071129,12
product_sales,avgTa,0.009741847231746563,12
kalguksu,avgTa,-0.0606912690542327,12
takeaway,avgTa,0.033583085732188184,12
total,avgWs,0.034481839485921,12
hot_milmyeon,avgWs,0.15539338272403744,12
milmyeon_with_mandu,avgWs,-0.030639116095776468,12
milmyeon_only,avgWs,0.0891517672879001,12
delivery,avgWs,-0.10176085083772221,12
side_menu,avgWs,0.1350725158425024,12
drinks_alcohol,avgWs,0.20295230668831848,12
product_sales,avgWs,0.030572552075937707,12
kalguksu,avgWs,-0.1082622451218935,12
takeaway,avgWs,-0.1607640654729861,12
total,maxTa,0.34946158734827154,12
hot_milmyeon,maxTa,0.15584629588025406,12
milmyeon_with_mandu,maxTa,0.19776615108670448,12
milmyeon_only,maxTa,0.2315955605446839,12
delivery,maxTa,0.10138673486318556,12
side_menu,maxTa,0.1640558963587039,12
drinks_alcohol,maxTa,-0.03297135295784919,12
product_sales,maxTa,0.01991717344932577,12
kalguksu,maxTa,-0.041678738834717524,12
takeaway,maxTa,0.06727090798756764,12
total,minTa,0.330917910689382,12
hot_milmyeon,minTa,0.16689941252320295,12
milmyeon_with_mandu,minTa,0.20349622624633737,12
milmyeon_only,minTa,0.22436579793531497,12
delivery,minTa,0.10597133066084534,12
side_menu,minTa,0.1524189530751927,12
drinks_alcohol,minTa,-0.013805083042081423,12
product_sales,minTa,0.00447147711807735,12
kalguksu,minTa,-0.06939643514553269,12
takeaway,minTa,0.0022167806901997604,12
total,avgRhm,0.3781898880309393,12
hot_milmyeon,avgRhm,0.2095125949647321,12
milmyeon_with_mandu,avgRhm,0.3214517901642198,12
milmyeon_only,avgRhm,0.11569141420291176,12
delivery,avgRhm,0.05163691822505996,12
side_menu,avgRhm,0.1728838387471658,12
drinks_alcohol,avgRhm,0.06892278385559247,12
product_sales,avgRhm,0.08366021023263648,12
kalguksu,avgRhm,-0.1042881652162762,12
takeaway,avgRhm,-0.0693357109665942,12
total,avgTs,0.3724516178594038,12
hot_milmyeon,avgTs,0.3782859652348262,12
milmyeon_with_mandu,avgTs,0.041632977270697695,12
milmyeon_only,avgTs,0.2950798839513945,12
delivery,avgTs,0.11417775216289522,12
side_menu,avgTs,0.3030082263791308,12
drinks_alcohol,avgTs,0.08185861433076652,12
product_sales,avgTs,-0.0667770426331754,12
kalguksu,avgTs,-0.0007029991883933561,12
takeaway,avgTs,0.07557406764109063,12
total,sumGsr,-0.05687626358752074,12
hot_milmyeon,sumGsr,-0.014476363336803454,12
milmyeon_with_mandu,sumGsr,-0.09657388693686351,12
milmyeon_only,sumGsr,0.012565825865660305,12
delivery,sumGsr,-0.01686268561373672,12
side_menu,sumGsr,0.024576257175328978,12
drinks_alcohol,sumGsr,0.10698716062100395,12
product_sales,sumGsr,0.08484404791914883,12
kalguksu,sumGsr,0.057052585312551696,12
takeaway,sumGsr,0.009087856659269325,12
total,sumSsHr,-0.06746018462886097,12
hot_milmyeon,sumSsHr,-0.03511209098811573,12
milmyeon_with_mandu,sumSsHr,-0.08928090797983276,12
milmyeon_only,sumSsHr,-0.0022264244939187673,12
delivery,sumSsHr,-0.01046814974562955,12
side_menu,sumSsHr,-0.003455867398177637,12
drinks_alcohol,sumSsHr,0.09668485092380097,12
product_sales,sumSsHr,0.10214875546467977,12
kalguksu,sumSsHr,0.05172275817953922,12
takeaway,sumSsHr,0.016425478584384534,12
total,avgTca,0.10951258834576041,12
hot_milmyeon,avgTca,0.06585850050932944,12
milmyeon_with_mandu,avgTca,0.05728150545662993,12
milmyeon_only,avgTca,0.04914229919031218,12
delivery,avgTca,0.1074526852035387,12
side_menu,avgTca,0.021838501932892555,12
drinks_alcohol,avgTca,-0.12021615166847963,12
product_sales,avgTca,-0.11585661638191383,12
kalguksu,avgTca,0.002608822618323976,12
takeaway,avgTca,0.06624814905163025,12
total,sumRn,-0.028816092907597443,12
hot_milmyeon,sumRn,0.03213421010992609,12
milmyeon_with_mandu,sumRn,0.0003505789025194941,12
milmyeon_only,sumRn,-0.036746956718464834,12
delivery,sumRn,-0.023022810519393682,12
side_menu,sumRn,-0.015681532090085937,12
drinks_alcohol,sumRn,-0.030287803159549778,12
product_sales,sumRn,-0.051794530990740884,12
kalguksu,sumRn,-0.06457314612269328,12
takeaway,sumRn,-0.043452768484036626,12
total,avgPa,-0.203166331771874,12
hot_milmyeon,avgPa,-0.07424337786408826,12
milmyeon_with_mandu,avgPa,-0.1753450401141799,12
milmyeon_only,avgPa,-0.13272763732516524,12
delivery,avgPa,-0.09950169624248462,12
side_menu,avgPa,-0.11846415340541305,12
drinks_alcohol,avgPa,-0.1137166924629938,12
product_sales,avgPa,0.04556359566542526,12
kalguksu,avgPa,0.0737930336287368,12
takeaway,avgPa,0.0806864468782282,12
total,diurnal_range,0.024157045709865068,12
hot_milmyeon,diurnal_range,-0.039633220797424186,12
milmyeon_with_mandu,diurnal_range,-0.028652269528861466,12
milmyeon_only,diurnal_range,0.002810936779135059,12
delivery,diurnal_range,-0.01898532998290435,12
side_menu,diurnal_range,0.018987955779651695,12
drinks_alcohol,diurnal_range,-0.04771298113321479,12
product_sales,diurnal_range,0.03891197907288771,12
kalguksu,diurnal_range,0.07519355437151702,12
takeaway,diurnal_range,0.1650407814928947,12
total,rain_bool,0.16958049245130008,12
hot_milmyeon,rain_bool,0.06678237709058484,12
milmyeon_with_mandu,rain_bool,0.17599162689571018,12
milmyeon_only,rain_bool,-0.04117361439581802,12
delivery,rain_bool,-0.010295565896856282,12
side_menu,rain_bool,-0.039078386901204513,12
drinks_alcohol,rain_bool,-0.024856405437230944,12
product_sales,rain_bool,0.11326789114885259,12
kalguksu,rain_bool,0.03704061451223785,12
takeaway,rain_bool,0.0439390910045215,12
total,feel_temp,0.23918228409726064,12
hot_milmyeon,feel_temp,0.09956721579235044,12
milmyeon_with_mandu,feel_temp,0.16997818853565325,12
milmyeon_only,feel_temp,0.12753491522654545,12
delivery,feel_temp,0.10092375089266187,12
side_menu,feel_temp,0.08248596717970803,12
drinks_alcohol,feel_temp,0.00701435572212667,12
product_sales,feel_temp,-0.05283008990546576,12
kalguksu,feel_temp,0.009313913994401726,12
takeaway,feel_temp,0.0014166583160638365,12
